7T_Scan_ID,session,Movies1,Movies2,Movies3,Movies4
PNC004,3,harsh,caddy,bathroom,pines
PNC007,3,harsh,caddy,bathroom,pines
PNC010,3,harsh,caddy,bathroom,pines
PNC018,3,harsh,caddy,bathroom,pines
PNC019,3,harsh,caddy,bathroom,pines
PNC015,3,harsh,caddy,bathroom,pines
,,,,,
PNC011,3,caddy,bathroom,pines,harsh
,,,,,
PNC002,3,caddy,harsh,pines,bathroom
PNC003,3,caddy,harsh,pines,bathroom
PNC006,3,caddy,harsh,pines,bathroom
PNC009,3,caddy,harsh,pines,bathroom
PNC016,3,caddy,harsh,pines,bathroom
PNC022,3,caddy,harsh,pines,bathroom
,,,,,
PNC025,a3,caddy,harsh,pines,bathroom
,,,,,
PNC022,5,oceans11,social,,
Pilot011,5,oceans11,social,,
Pilot012,5,oceans11,social,,
Pilot013,5,oceans11,social,sens1,
,,,,,
Pilot014,a1,oceans11,social,,
PNC025,a1,oceans11,social,,
PNA007,a1,oceans11,social,,
PNA004,a1,oceans11,social,,
PNC027,a1,oceans11,social,,
PNC024,a1,oceans11,social,,
PNC026,a1,oceans11,social,,
PNA001,a1,oceans11,social,,
,,,,,
PNE009,a1,oceans11,social,,
PNE010,a1,oceans11,social,,
PNE011,a1,oceans11,social,,
PNF003,a1,oceans11,social,,
PNE012,a1,oceans11,social,,
PNE013,a1,oceans11,social,,
PNE014,a1,oceans11,social,,
PNE016,a1,oceans11,social,,